id, name, release date, type, group, [contributing artist ids]
4jP1j4XYEliZhWpVkENsYn,"Goin Through It" Maxi-Single,2022-09-23,Album,Single,[6CsleyOZtyt16saX8WhzDx]
2Eg4ILMMJQYnOA0gZWTlSf,Back to the Basics,2021-01-15,Album,Album,[7frYUe4C7A42uZqCzD34Y4]
4ksodTRxbsjqJUHuzwhuEx,Udta Panjab,2020-05-23,Album,Album,[7frYUe4C7A42uZqCzD34Y4]
7cGig0KJGIk4HaI7qFynsF,Back from the Dead,2020-02-25,Album,Album,[7frYUe4C7A42uZqCzD34Y4]
6wAlPhxbUg8hgHFurCcF1K,I Am the Future,2019-03-28,Album,Album,[7frYUe4C7A42uZqCzD34Y4]
0C6RgcPPKO6LWs4xQUY7xu,Peacock,2022-09-09,Album,Single,[4qjiRRFcM4WZ0aJ3IHdWPN,7frYUe4C7A42uZqCzD34Y4]
7zCbzgOthL1ldcRd19nFZw,Husan De Charche,2022-07-31,Album,Single,[7frYUe4C7A42uZqCzD34Y4]
2ZjCBtBoLBlVEo8KDS7d6h,Duniya,2022-06-03,Album,Single,[4T8KtF2YGesSSw3jgAVura,7frYUe4C7A42uZqCzD34Y4]
6mbFOxeExykR6XJLE617mk,Jatt Dont Care,2022-05-13,Album,Single,[7frYUe4C7A42uZqCzD34Y4]
01aFOxHDsK8TWmgGNf1PSO,Puff Puff Pass,2022-03-24,Album,Single,[7frYUe4C7A42uZqCzD34Y4]
33LJD3Y5WFHPxL4FBz8b5a,Gidhe Vich Nach Bhabhiye,2022-02-23,Album,Single,[2KM6EJoXSxoA8HhPNT1Cbi,7frYUe4C7A42uZqCzD34Y4]
3TiJ46OZ7npOL5wZlOxFmt,Rise of Punjabi HipHop,2022-02-02,Album,Single,[7frYUe4C7A42uZqCzD34Y4]
34599fFTU00YFJRNvmkWV7,Real Love (feat. Joban Gill),2021-12-10,Album,Single,[7frYUe4C7A42uZqCzD34Y4]
3gW0uoy9Z8bg4d8sFGkNnH,Scorpio,2021-12-01,Album,Single,[78rdC4FvVaOJmEgfjlUi4a,7frYUe4C7A42uZqCzD34Y4,3rJlJIcCjbAyj4X08YQqsS]
3UbewUayttmgHjqozwnhXy,Rabb De Viah (Marijuana),2021-11-26,Album,Single,[0OH9Yrx6nrpfmb8JeqgNjD,7frYUe4C7A42uZqCzD34Y4]
4K9TjBPl9DPwQJjIPOhZqd,Canadian (Remix),2021-10-09,Album,Single,[7frYUe4C7A42uZqCzD34Y4]
59PUQpaFnQXHsiiCwBo1Lq,Canadian,2021-09-10,Album,Single,[7frYUe4C7A42uZqCzD34Y4]
5yW6REmFIbfHFw7MSi7ASu,Crazy Life 2,2021-07-19,Album,Single,[7frYUe4C7A42uZqCzD34Y4]
5Ej6pXP4hIEcoaInvNX1GR,Dhokhe Baaz,2021-06-26,Album,Single,[4452AKcmQh6NC4yNlTrR3D,7frYUe4C7A42uZqCzD34Y4]
6RQyrt77IyNPkC4uf2q3pJ,Mittran Da Naa,2021-04-23,Album,Single,[6L3F8cdWcweEu2d1kfggbH,7frYUe4C7A42uZqCzD34Y4]
4aCQMlYAVfDjLTEltthw7Q,2 Bhai,2021-03-25,Album,Single,[0D1zUm6fYTA4tzlGjmnYFw,7frYUe4C7A42uZqCzD34Y4]
3mtAzIKneriRoVGsCMEl7e,Kaarvayi,2021-03-13,Album,Single,[7frYUe4C7A42uZqCzD34Y4]
1peK58VRNIIzksdSlZVCBj,Gora Rang,2021-02-14,Album,Single,[7frYUe4C7A42uZqCzD34Y4]
6BPEfuC5n68gOOouH63Vm1,Patt Te Dunali,2020-12-29,Album,Single,[7frYUe4C7A42uZqCzD34Y4]
7kAQb0m8UWLvalC8027QKw,Shokeen,2020-11-04,Album,Single,[70JrN2SQBFJHNanJSkshzs,1Q6LaK7fEt4xQu0ifJz4Q2,7frYUe4C7A42uZqCzD34Y4]
4Co1EPpedqhZ4lzPkoqyIX,Shadda,2020-10-23,Album,Single,[7frYUe4C7A42uZqCzD34Y4]
6Gkk462pZAuBQRHs14R2Pv,Drama Queen,2020-09-12,Album,Single,[7frYUe4C7A42uZqCzD34Y4]
3W9t0LFgP71nsjZKY7Q35R,Damn You,2020-06-11,Album,Single,[7frYUe4C7A42uZqCzD34Y4]
4m0jFFYiIcqVFJ4kW1NLpr,Aulaad,2020-05-14,Album,Single,[7frYUe4C7A42uZqCzD34Y4]
2a7G4hLUBoE9vnPOBeyb4C,Clutch Baliye,2019-12-10,Album,Single,[7frYUe4C7A42uZqCzD34Y4]
6xFnwOS1cCGEBSW59rBj9V,Sultaan,2019-07-10,Album,Single,[7frYUe4C7A42uZqCzD34Y4]
7EkpUNwxBmcm9TU8AFVWhw,Westside Flow,2019-05-18,Album,Single,[7frYUe4C7A42uZqCzD34Y4]
7hLLmo9I4I4c1HKdohUSpX,Tctpm,2018-08-17,Album,Single,[7frYUe4C7A42uZqCzD34Y4]
6utJVQuw5gpKHo0JVpz1dR,Lions of Punjab,2018-06-25,Album,Single,[7frYUe4C7A42uZqCzD34Y4]
4fzoipnaNiLzf8zyfDCGxm,My Crazy Life,2018-06-25,Album,Single,[7frYUe4C7A42uZqCzD34Y4]
2HnMgrPrnUShfUDiSgb4WQ,South Side Hustlers,2018-06-25,Album,Single,[7frYUe4C7A42uZqCzD34Y4]
14c1dTiZqB6AhCuIdYSvS4,Bad Seed,2018-03-05,Album,Single,[7frYUe4C7A42uZqCzD34Y4]
2Tenm3VQAm1NDMhDDGUg32,Bad Seed,2018-03-05,Album,Single,[7frYUe4C7A42uZqCzD34Y4]
6YmmmdUFRhDNTikXTT7Mz3,Ford Te Baraat,2017-11-12,Album,Single,[7frYUe4C7A42uZqCzD34Y4,3qeQunD7WhzS5P3dOW4ZCM]
6sWJ0v8N5eDHfLKBnVKaKR,Shotgun,2016-11-25,Album,Single,[6elXIpcnI6F24OC4au93Vh,7frYUe4C7A42uZqCzD34Y4]
7shAasLUc9cFkpxUc9U8NW,Something to Live For,2021-11-12,Album,Album,[6acbdy69rtlv8m9EW31MYl]
73chBzty2A658sLKCYy54h,Deal with It,2019-09-04,Album,Album,[6acbdy69rtlv8m9EW31MYl]
4mT2dPZH31DKN3ka7NGmZW,The PlayMaker,2016-11-01,Album,Album,[6acbdy69rtlv8m9EW31MYl]
5GugNhRd04HEEIDwMfjp2D,The Playmaker,2016-11-01,Album,Album,[6acbdy69rtlv8m9EW31MYl]
5Zhg797sEPjrogcC4XXaEP,No Guts No Glory,2014-05-15,Album,Album,[6acbdy69rtlv8m9EW31MYl]
0eiXxWZqtpfFK2CdUj6vqT,No Guts No Glory,2014-05-15,Album,Album,[6acbdy69rtlv8m9EW31MYl]
4F5E31UIFV8bhpC6cLNvUl,TOP MAMA,2022-10-13,Album,Single,[2NtQA3PY9chI8l65ejZLTP,3bxZkzk0PLHcetO9o4oxXn,6acbdy69rtlv8m9EW31MYl]
15RpgQFP9IUTH5aD6nhmFP,Full Current (That's My baby),2022-07-29,Album,Single,[6acbdy69rtlv8m9EW31MYl,6IhG3Yxm3UW98jhyBvrIut]
3HKilqWvytZNtmTMvyIfT0,BAGS,2022-07-08,Album,Single,[4on7a4BKixLl1rSlEcaY8Y,6acbdy69rtlv8m9EW31MYl]
0pxxxtJfvLuRS2vWvtOEly,Breakfast,2022-02-11,Album,Single,[23NKFSnR8yAUDQdub4vnIN,6acbdy69rtlv8m9EW31MYl]
2KMlpFqsylnjigJfLlOOsq,New Video,2022-02-04,Album,Single,[6C5VcMDwD9dQqIOM8VePTM,6acbdy69rtlv8m9EW31MYl]
0OwIe8eJw8mRfjJM5FPDZD,Do You Wrong,2021-11-08,Album,Single,[6acbdy69rtlv8m9EW31MYl]
13RRd735LR5ZlRK6RzKS4u,Stacks,2021-09-29,Album,Single,[6acbdy69rtlv8m9EW31MYl]
2CZJv6UkGMrJDCaGSVZVwo,Shamanya,2021-09-24,Album,Single,[0rckUWPb0n9j1nRlGFvjHt,6acbdy69rtlv8m9EW31MYl]
2rB7noSMfrIdgXy4goooaE,T.Y.B,2021-07-16,Album,Single,[6lDz9VhPe8FMyUEWpMdj2t,6acbdy69rtlv8m9EW31MYl,0Cu08qtw8B63QjP1jQX9fR]
5Eh96pf9G8wLUIc0TFASpq,Bia,2021-07-09,Album,Single,[6acbdy69rtlv8m9EW31MYl]
6TgR9zfNjqND5lRoOtFny3,Egbon,2021-04-23,Album,Single,[0lEUtJddtvvDlxtEmF9j0m,6acbdy69rtlv8m9EW31MYl]
6LJ7B5iY4CDnGCbTpsRQuI,Chupadia,2021-03-05,Album,Single,[0o0vON7d8F82EiVelpyhxs,6acbdy69rtlv8m9EW31MYl]
105o89weR3UOfBzx0Pb9FH,High Way,2020-12-18,Album,Single,[74feid8HSOjUPnhiV3BNBG,6acbdy69rtlv8m9EW31MYl]
5v0mjhE7hTpuAK7eXOPj2x,For the Money,2020-12-09,Album,Single,[6acbdy69rtlv8m9EW31MYl]
37Tphhbsjcz9UjSZSqKlDc,Papa Benji,2020-10-09,Album,Single,[12bnIxBXecZzYmrJKRbaQ4,0oKNR4ahj1CPnK2kQmbOfo,6acbdy69rtlv8m9EW31MYl]
74JfUIlFLGTVjDVhNxaXvz,Never,2020-10-05,Album,Single,[6acbdy69rtlv8m9EW31MYl]
0HcVRUCDyK2nCXsrSineIZ,Chop Life,2020-08-30,Album,Single,[0oKNR4ahj1CPnK2kQmbOfo,6acbdy69rtlv8m9EW31MYl]
7BypcwhX4N1SHKYmDmm7i0,What I See,2019-09-02,Album,Single,[6acbdy69rtlv8m9EW31MYl]
1Jgx625V2v5Z2Ucgit8UsI,The Bag,2019-07-07,Album,Single,[6acbdy69rtlv8m9EW31MYl]
4qXnPZLYixVXMjUpDFly11,The Bag,2019-07-04,Album,Single,[6acbdy69rtlv8m9EW31MYl]
7AS1d6vmA48MOxvFdJzrs0,Mr Successful,2018-12-31,Album,Single,[1DmW8OWm0vTGF18e7uhr52,3EoDvpKBNaacnxceTr2f2V,6acbdy69rtlv8m9EW31MYl]
60ekjAipvTruGhmuWmTltN,Oil,2018-12-08,Album,Single,[6acbdy69rtlv8m9EW31MYl]
0Pxw1E8mHwa9ajANCb6Jbf,Itetago,2018-11-29,Album,Single,[1J2IKDnQ0vNr92eqihMTl3,6acbdy69rtlv8m9EW31MYl]
0wq7DW4ps6H9klL6oeO4y7,Ogini Di,2018-11-01,Album,Single,[6acbdy69rtlv8m9EW31MYl,6Lhvo2fAHT54WPzMPofEeA]
5qqBs2wB2AGKhVT5pc7hcb,IWA,2018-10-01,Album,Single,[6acbdy69rtlv8m9EW31MYl]
5r769GiqpMgMx4vAzCT7Kz,N.W.A,2018-06-07,Album,Single,[6acbdy69rtlv8m9EW31MYl]
7KpVAki1UBUeBo6OjSgIV1,Onyeoma,2018-06-01,Album,Single,[6acbdy69rtlv8m9EW31MYl]
0a2MtDyQpQskDbRq6hTWD9,Aye,2018-05-04,Album,Single,[1VsvlBp2dqKk2g9EVFvxXg,6acbdy69rtlv8m9EW31MYl,4YIOi9aFNviV1jRQeiNZgO]
1uxrgGKhmQ3taIxKaSDFis,Aye (Life),2018-05-04,Album,Single,[1VsvlBp2dqKk2g9EVFvxXg,6acbdy69rtlv8m9EW31MYl,4YIOi9aFNviV1jRQeiNZgO]
0XH8BmYcrvnh2YH8H71shl,One Chance,2018-04-09,Album,Single,[6acbdy69rtlv8m9EW31MYl]
39PNcEQdFAO9wPxy4b8Zk9,One Chance,2018-03-28,Album,Single,[6acbdy69rtlv8m9EW31MYl]
5b2cFunUqyFuA1MSkmpgMN,Augment,2017-10-03,Album,Single,[6acbdy69rtlv8m9EW31MYl]
3vYSzAQjzCKtXCfhsK2aSW,Aka Gi (Remix),2017-08-24,Album,Single,[3WLq47xGNRuAJWhDHY53LU,6acbdy69rtlv8m9EW31MYl]
3wE5wDGEJNiHjq518okJhD,Testimony Raw (Remix),2017-08-24,Album,Single,[3WLq47xGNRuAJWhDHY53LU,6acbdy69rtlv8m9EW31MYl]
5QDofA0oNBoXLdvBhlD9U4,Zamo Zamo,2017-07-31,Album,Single,[6acbdy69rtlv8m9EW31MYl]
2i06YMw5fySi0Z7HeytfsW,001,2017-07-26,Album,Single,[19bTQNrflynywXcPRLsl3E,6acbdy69rtlv8m9EW31MYl,4ovtyvs7j1jSmwhkBGHqSr]
6wX1rFCaXQFOYpDBgggMND,If To Say,2017-05-31,Album,Single,[6acbdy69rtlv8m9EW31MYl]
2oEINlJqr6wwcS50gSpvRu,Pino Pino,2016-10-05,Album,Single,[6acbdy69rtlv8m9EW31MYl]
6YhHwSE7tlpI11iZpEw7Rj,Gbo Gan Gbom,2016-07-15,Album,Single,[0oKNR4ahj1CPnK2kQmbOfo,6acbdy69rtlv8m9EW31MYl,3S3T7zQ5vPdxH6vvh4ipxm]
49ZxHxIDByRgIPnEeefpC3,E Sure For Me,2016-06-30,Album,Single,[6acbdy69rtlv8m9EW31MYl]
6L8W6DGkQ9O00gqwZnZsGw,E Sure For ME,2016-06-20,Album,Single,[6acbdy69rtlv8m9EW31MYl]
6D9TEXXV0sN2E9ZoO49stW,Fada Fada (Ghetto Gospel),2016-04-30,Album,Single,[6acbdy69rtlv8m9EW31MYl]
39mLwu6rUYBAKviXR5PvNh,Fada Fada (Ghetto Gospel),2016-04-30,Album,Single,[6acbdy69rtlv8m9EW31MYl]
40MjCprEDkK7PaA0hAYkYa,Ova Sabi,2016-02-24,Album,Single,[6acbdy69rtlv8m9EW31MYl,02egwFpCnGthlHjVUwcwnM]
1ZufTwjMLDPndr1Mdw7ltH,Banging,2016-02-14,Album,Single,[6mMtnxEQkYoY5FfJIQ9Rhb,6acbdy69rtlv8m9EW31MYl]
682XjJ3BmevMG0KxAVeYqS,Ezege,2016-01-22,Album,Single,[6acbdy69rtlv8m9EW31MYl]
6jWeZtZtP1e77nwt1ycMiN,China,2015-12-01,Album,Single,[5wJBdwIAg6nZoCaWbFhc1r,6acbdy69rtlv8m9EW31MYl,3VjiTw1oi0EvwdqcZ7zNoK]
7Mdf1OHx7kh1ZIdOCu6YHq,Odi Okay,2015-08-28,Album,Single,[1pZl63IpSB0NKQmTPffqh0,6acbdy69rtlv8m9EW31MYl]
31V7DE4xiO43JNl3mkj6Tc,Asai,2015-06-25,Album,Single,[6acbdy69rtlv8m9EW31MYl]
3fF2bVjQghlPOHLssGH6EI,Asai,2015-06-25,Album,Single,[6acbdy69rtlv8m9EW31MYl]
5GQGuvEBtyzwroKclm2Imy,Gbankiti,2015-06-15,Album,Single,[19bTQNrflynywXcPRLsl3E,6acbdy69rtlv8m9EW31MYl]
7enVl8sZGH4UGrRsrV0Mvk,Connect,2015-06-10,Album,Single,[6acbdy69rtlv8m9EW31MYl]
13LV2Ntto0TjEkxX9LVnyr,Karishika,2015-05-15,Album,Single,[2s187JqHC9kipPLBLWXubl,6acbdy69rtlv8m9EW31MYl,6X5feCnZP5NPpENnxO1gou]
70P9RIYsC8YoebQ7FvaYFT,2 Kings,2015-04-01,Album,Single,[6acbdy69rtlv8m9EW31MYl,4ovtyvs7j1jSmwhkBGHqSr]
1S86SoL9OSOhLUhoIP6JoC,Nnunu,2015-03-06,Album,Single,[6acbdy69rtlv8m9EW31MYl]
444IeHhPeff7ruYjQRr52v,Une,2015-02-23,Album,Single,[6acbdy69rtlv8m9EW31MYl]
7krcdhnMOlxfZsYvcI0Q2b,Yayo,2014-09-25,Album,Single,[6acbdy69rtlv8m9EW31MYl]
0vOTyfdfFiGOw435lliQdU,Oringo,2014-09-18,Album,Single,[6acbdy69rtlv8m9EW31MYl]
3Xc6jZgPJrS4pjdoKViXG5,Bombay (feat. Wizkid),2014-07-31,Album,Single,[6acbdy69rtlv8m9EW31MYl]
1rjeBbYiGEP04AQVEa7FLk,Kedu Ncha Bu Omo (feat. Veecko Kyngz),2014-07-31,Album,Single,[6acbdy69rtlv8m9EW31MYl]
4TU4DNjElhocyfGDskPKgQ,Ndi Okoko (feat. Stormrex & Mr Chivagu),2014-07-31,Album,Single,[6acbdy69rtlv8m9EW31MYl]
1v47HX4naveu7xQbXnvgRG,Show Me Yuh Rozay (Remix) [feat. Ketchup & Olamide],2014-07-31,Album,Single,[6acbdy69rtlv8m9EW31MYl]
4De9YFGAzdmzDa5DSEqeiF,What It Do (feat. Laylow, Buckwylla, SosSick, Phenom, Jesse Jagz, Yung6ix, Olamide, Liu T & Seriki),2014-07-31,Album,Single,[6acbdy69rtlv8m9EW31MYl]
5CQ9jAXjCLUhx6rPO138Vm,Parcel (A Big Nwa),2014-02-18,Album,Single,[6acbdy69rtlv8m9EW31MYl]
2UEtdkeBJ0bYUHntUt5y27,Got It in My Vein,2010-02-01,Album,Single,[77uSXvqqTMOPORo07k0kwC,6acbdy69rtlv8m9EW31MYl,6mMtnxEQkYoY5FfJIQ9Rhb]
1uDRXwFSfBPHR9Vtke54qb,The Great Indian Murder (Original Series Soundtrack),2022-02-11,Album,Album,[5UdFr0GeO7jKIaNIJgwB36,72578usTM6Cj5qWsi471Nc,6Qe4SPWePAnZzYf4zNO87H]
5JJGedFMYdSBOVuoTcEynm,Ninna Sanihake (Original Motion Picture Soundtrack),2021-08-10,Album,Album,[72578usTM6Cj5qWsi471Nc]
1zBPsJvi6DZmtfpPzwsCYh,Courtyard Jam Sessions,2019-06-03,Album,Album,[72578usTM6Cj5qWsi471Nc]
28ttFALJkTnbFbgKHDbk8G,Antaragni,2017-11-09,Album,Album,[72578usTM6Cj5qWsi471Nc]
0DRLcd57ebarvi1wX4Z8Vk,Psycho,2014-08-01,Album,Album,[72578usTM6Cj5qWsi471Nc]
6zeb7EfUZzNJ6YJTmeIL0V,Jag Changa,2013-11-23,Album,Album,[72578usTM6Cj5qWsi471Nc]
5IZ5Ou3sGrimaCPHbO5GLX,Raghu Dixit: Unplugged (Live in York),2012-03-19,Album,Album,[72578usTM6Cj5qWsi471Nc]
5lyX17EpoBG3iHVe7GLtv4,Mujhse Fraaandship Karoge,2011-09-14,Album,Album,[72578usTM6Cj5qWsi471Nc]
2bJBbWKIGTe4RBun1PpTtN,Antaragni - The Fire Within,2010-09-20,Album,Album,[72578usTM6Cj5qWsi471Nc]
7b27ftF01DYfRpwu7mOUBV,Antaragni - The Fire Within,2010,Album,Album,[72578usTM6Cj5qWsi471Nc]
3ti71exUi1celepkhXZSjO,Psycho (Original Motion Picture Soundtrack),2008-06-15,Album,Album,[72578usTM6Cj5qWsi471Nc]
2DmWpbE4uEsL6Ubt4sQlv1,Psycho (Original Motion Picture Soundtrack),2008,Album,Album,[72578usTM6Cj5qWsi471Nc]
5AQS0VpeL4yjO3CvMJmvjf,Beesuva Gaali,2022-10-14,Album,Single,[6UofxciyC7eixN2leI5SKs,72578usTM6Cj5qWsi471Nc,5pDwaaFFLmBgmoz9kSZCWk]
1PLYkqMnVLZafDNHzi6BaC,Bhagavanta - Edm Version (From "Saddu! Vicharane Nadeyuttide"),2022-09-05,Album,Single,[72578usTM6Cj5qWsi471Nc,6RMeayRCB3tDcTdy9Z0q2o,6CdktQ3MYk5JwJHq1OajZG]
6zk3W1fBVjyWfknr3JbcjB,Bhagavanta (From "Saddu! Vicharane Nadeyuttide"),2022-08-28,Album,Single,[72578usTM6Cj5qWsi471Nc,6RMeayRCB3tDcTdy9Z0q2o,6CdktQ3MYk5JwJHq1OajZG]
5FQHTFLMG9DBfwPo0mHlU5,Modakke Modaane (From "Vikipedia"),2022-08-20,Album,Single,[72578usTM6Cj5qWsi471Nc,4LJV41FUqgFuISGn2yMNQf,072hm2tGA2geeswvhueVQe]
3LGAqN8PGy3qqslQJmBQhJ,Girki Title Track (From "Girki"),2022-07-13,Album,Single,[72578usTM6Cj5qWsi471Nc,4y7yOpyqmE7aXMngtperyb]
0kOau3mxNj9ywS1dCgsgiL,Sangeetha Sagara (From "Orchestra, Mysuru!"),2022-07-04,Album,Single,[72578usTM6Cj5qWsi471Nc,61if35zz1W11GejEkxTLEQ,0M0qOys6eONaDvSRKNwKWc]
3Ntkn8UlpdPrj1zw107ljx,Kshamisi Bidu Basavanna,2022-04-17,Album,Single,[72578usTM6Cj5qWsi471Nc]
6Yey2VzYYEbXqt6VRzMMZ2,Saniha Ni Saniha (From "Dwimukha"),2022-03-26,Album,Single,[72578usTM6Cj5qWsi471Nc,7MkiL8mmhZXoZpil9Webgt,5KgNFugdTwo3Ut6cO4rBKu]
6UU8BIKfVHGKvYni1BcfRH,Om Okarakam (From "Nata Bhayankara"),2022-03-25,Album,Single,[72578usTM6Cj5qWsi471Nc,3KDQtB2mJgwBNxpp6wv5PU]
5H8DLlxxjTJ0X7S4059yN8,Garuda (Original Motion Picture Soundtrack),2021-12-31,Album,Single,[72578usTM6Cj5qWsi471Nc]
271ZX9Q5N03CVjzfngTilr,Nee Parichaya (Actors Cover) (From "Ninna Sanihake"),2021-07-27,Album,Single,[72578usTM6Cj5qWsi471Nc,4rcrT1RjuLHoBSJ2gqAbf0,7x0UJH5usGCeyBBbAhphp8]
3gaLD9y2azkDaJ75OtHWnx,SWARAJ Anthem Song,2021-07-10,Album,Single,[72578usTM6Cj5qWsi471Nc,7sJSfUsXlD9HT8JxFGXGiY]
0crhj1F3n87LvidIdejFLi,Saaku Innu Saaku,2021-06-09,Album,Single,[72578usTM6Cj5qWsi471Nc,59GUnH7f4NlLkxSxtNNt0i]
4KmNQeA3AC8WUEA9gdsuey,Bharavaseya Baduku,2021-06-09,Album,Single,[72578usTM6Cj5qWsi471Nc,59GUnH7f4NlLkxSxtNNt0i]
5xibUmKAvDdWwnaiD6IZAM,The Spirit of Ninna Sanihake (From "Ninna Sanihake"),2021-04-23,Album,Single,[72578usTM6Cj5qWsi471Nc]
2yJVAQJzHMOCe7FJPnrldf,Maadappa (From "Orchestra, Mysuru!"),2021-04-13,Album,Single,[72578usTM6Cj5qWsi471Nc]
1W1vwKUnUkynzRpRR1Sjxj,The Sound of Chaos (From "Ninna Sanihake"),2021-03-24,Album,Single,[72578usTM6Cj5qWsi471Nc]
76HOv0g6MpS0NBI2lOQUOz,Namma Bengaluru (From "Yellow Board"),2021-02-11,Album,Single,[7bLeuhxmuY31ubWNhUrPVx,72578usTM6Cj5qWsi471Nc]
2T3LuU4nnNxpp7gNqT9OJx,Sajanaa,2021-01-29,Album,Single,[2EMzQ4xj85Mf0sH4mz30H7,72578usTM6Cj5qWsi471Nc]
157n4MA4xUFwl0lIo907G9,Ninna Sanihake (Title Song) (From "Ninna Sanihake"),2021-01-28,Album,Single,[72578usTM6Cj5qWsi471Nc]
2NUvCDioGWfwbT22U4WnE4,Ninna Sanihake (Original Motion Picture Soundtrack),2020-12-15,Album,Single,[72578usTM6Cj5qWsi471Nc]
15viAxqCdTm3pOL8DcYcpa,Nee Maya Sanchari (From "Munduvareda Adhyaya"),2020-12-10,Album,Single,[7wwqdmDsfUSyzVK09S8nWV,72578usTM6Cj5qWsi471Nc]
0ZtlCdmywYrCM13NbmEvEL,Kadak Rotti (From "Osho"),2020-11-19,Album,Single,[72578usTM6Cj5qWsi471Nc,2LfvnRw9qJWb1Hr6ZxBOM1,4JczWHls9n9VpTHnqO2IG8]
6KqXx946lgT8L7SyOBRcHK,Voice United - Hum Honge Kamyab,2020-10-29,Album,Single,[0LyfQWJT6nXafLPZqxe9Of]
4QzPlVT9Cs8kZPEcrgOOoH,Male Male Maleye (Kannada Cover),2020-10-08,Album,Single,[72578usTM6Cj5qWsi471Nc]
5089llsEF6DCYlSBAoRTUR,Tsunami (From "Tsunami (Hindi)"),2020-10-08,Album,Single,[72578usTM6Cj5qWsi471Nc]
60WULwX9t6Lr0abrQfQs7y,Tsunami (From "Tsunami (Kannada)"),2020-10-08,Album,Single,[72578usTM6Cj5qWsi471Nc]
39V1Xb2rvJINpNzuaOyxXq,Neene Yendigu (Rap Cover),2020-07-11,Album,Single,[72578usTM6Cj5qWsi471Nc,2WkfobA9jvYrydkGh3zB4Y]
1XswmJU3GlEIOdkq41utM4,Baaro Saadhanakerige,2020-02-29,Album,Single,[72578usTM6Cj5qWsi471Nc,5c9kvShpETVJGCuyA5ex8m]
52YnFQmWUQSYmsc9Tk65R5,Garuda (Original Motion Picture Soundtrack),2020-02-13,Album,Single,[72578usTM6Cj5qWsi471Nc]
2ZtGtTW8zLxB6GtOo5h00s,Love Mocktail (Original Motion Picture Soundtrack),2020-01-16,Album,Single,[72578usTM6Cj5qWsi471Nc]
4HNOIplNCRj9CWaBDOOXs8,Gadiyaarake Symphony Version (From "Arishadvarga"),2020-01-01,Album,Single,[1HK9cAtlIq54t9dBWU5q3R,72578usTM6Cj5qWsi471Nc]
1t5gMx9BLiOTe2kJ6EPjPK,Sri Ramachandranu (From "Bramhachari"),2019-11-29,Album,Single,[72578usTM6Cj5qWsi471Nc,6miwTHZ03xmcPUtShuAGgS]
5mr5kvBnHEviqnxbbtpJjj,Gandu Mettidnaadu (From "Gadinaadu"),2019-11-14,Album,Single,[72578usTM6Cj5qWsi471Nc,7uMA1CNJvW3olMLTKXlUxS]
0YDOHUhaloO0oRvK8wQWl8,Ghamm Ghamm Ganapa,2019-09-05,Album,Single,[72578usTM6Cj5qWsi471Nc]
0Yedy5zisU9sFBmMlGvSvf,Ghamm Ghamm Ganapa - Single,2019-09-05,Album,Single,[72578usTM6Cj5qWsi471Nc]
094BDE7wyTs7hLiQ335tMw,Gari Bichchi Mari Hakki (From "Yaanaa"),2019-02-02,Album,Single,[72578usTM6Cj5qWsi471Nc]
0EJIbXz6AAUwqw9BX1xHFx,Koode,2018-06-15,Album,Single,[72578usTM6Cj5qWsi471Nc]
3KTNa2BGdYY9xXPpnRYvqB,Koode,2018-06-15,Album,Single,[72578usTM6Cj5qWsi471Nc]
5lpDBx4jyw9xs3rcojX7LC,Urime Manase (From "Krishnarjuna Yudham"),2018-03-15,Album,Single,[72578usTM6Cj5qWsi471Nc,7zFBW2JxM4bgTTKxCRcS8Q]
6M0hAc10Vta094iXyWtpUA,Chef,2017-09-26,Album,Single,[72578usTM6Cj5qWsi471Nc,76fuWYgIf3TVIopTs3vaJ6]
0qawQbPkGpRBCwgHPCXxcs,Banjara (From "Chef"),2017-09-18,Album,Single,[6CXEwIaXYfVJ84biCxqc9k,72578usTM6Cj5qWsi471Nc]
47EistIRDbzDXnHEJTfoR7,Shugal Laga Le (From "Chef"),2017-09-06,Album,Single,[72578usTM6Cj5qWsi471Nc]
1eAL3qFaulbHcBjdjeNmoK,Soruthihudu Maneya (From "Beautiful Manasugalu"),2017-02-22,Album,Single,[72578usTM6Cj5qWsi471Nc]
1kzgwHT5RD3mKulXMjPfUR,Geeya Geeya,2017,Album,Single,[5YoD56NLtyPyTKeaSiG5rB,72578usTM6Cj5qWsi471Nc,4JFVZaGeqeKsZTec9xdUwc]
6FeDHtvgu66JgLhx0rdmse,Happy New Year (Original Motion Picture Soundtrack),2016-12-30,Album,Single,[72578usTM6Cj5qWsi471Nc]
3DHLaF0fwJ1PR4Tkk6NXVw,Vallavanukkum Vallavan (Original Motion Picture Soundtrack),2016-11-25,Album,Single,[72578usTM6Cj5qWsi471Nc]
5dmt0Rc3fOXP10CPme7RrJ,Jai Hanuman (From "Dieyana House"),2016,Album,Single,[72578usTM6Cj5qWsi471Nc]
7BPCvgBrR75ujsnVZuU1vc,Daiyya Ri (The Dewarists, Season 4),2015-01-01,Album,Single,[72578usTM6Cj5qWsi471Nc,0PSChrfgkjas0HCm3Fnmpr]
5xgu8wiXjLzHDuCtuQaQQj,Bewakoofiyaan,2013-09-13,Album,Single,[72578usTM6Cj5qWsi471Nc,7qHsapL39aTQsPhixtzVvy,3dN9MQpjIyNxyeRfz4EDZe]
1EOa9HdKxsWzksOew0jvSe,Kote (Original Motion Picture Soundtrack),2011-01-11,Album,Single,[72578usTM6Cj5qWsi471Nc]
4mGSTT6nEq0P1wNJPZWZhj,Just Maath Maathali (Original Motion Picture Soundtrack),2010-01-05,Album,Single,[72578usTM6Cj5qWsi471Nc]
6MoLzqdqFdDKG6OuLaktRS,Love For The Summer (feat. Loren Gray),2020-10-30,Album,Single,[4rK6HLvoZhLFUTcUhG9WfC,3MbrazQE12UdSdFunXcft1]
5D3DPkdMjst8RNJi9LmWm7,Long Run (feat. Nina Nesbitt),2020-07-10,Album,Single,[4rK6HLvoZhLFUTcUhG9WfC,7AzjETXRUKNRSJHMW9GIqd]
3lwUZglUTP13TlCqDVpTEs,Kiska Rasta Dekhe (The Unwind Mix),2022-10-11,Album,Single,[6iv4lysB1yHXoZJ2gfqTdh]
73S8O640zcwF9clUYzVtke,Kesariya (Dance Mix) [From "Brahmastra"],2022-10-03,Album,Single,[6iv4lysB1yHXoZJ2gfqTdh,2UwDJeoMqYers5Jmm75zm2,4YRxDV8wJFPHPTeXepOstw]
7wv7EItxRUCDZZQVeBJnhq,Dream Catcher,2022-07-15,Album,Single,[4OFJbe1HHVcpnw480py1uN,6iv4lysB1yHXoZJ2gfqTdh]
1C5nKPilWaicRMMRDH6yoQ,Phad Mera Hath,2022-07-14,Album,Single,[0le3G5nxaIL8ecHpBA6LPW,6iv4lysB1yHXoZJ2gfqTdh,6W4D2fiAamwzg9RMOvAS16]
7buaGlJBjPgpTVsfyvjvU0,Janina Bhalolaga (From "Kishmish") - Single,2022-04-23,Album,Single,[3tPQOjkxO3mrYrrgkTeXgH,6iv4lysB1yHXoZJ2gfqTdh,4JzvSHR4P9H4vKixH7gyQA]
4r8ZB3qBTlnrEJAm8qbdLc,Janina Bhalolaga - Kishmish,2022-04-22,Album,Single,[3tPQOjkxO3mrYrrgkTeXgH,6iv4lysB1yHXoZJ2gfqTdh,4JzvSHR4P9H4vKixH7gyQA]
0CYZF1aZl2806nCE4pAiGx,Bura Na Mano Yaara,2022-03-07,Album,Single,[3tPQOjkxO3mrYrrgkTeXgH,6iv4lysB1yHXoZJ2gfqTdh,1pjDnQK4lN75yaCU4ikNz1]
5baxcVeHZp9G6zB67bSSnz,Fitoor Tha - Lofi,2022-02-24,Album,Single,[6ohaQzKaXrobAL8paLSaxq,3tPQOjkxO3mrYrrgkTeXgH,6iv4lysB1yHXoZJ2gfqTdh]
6bhCKu0euhTKm66L2pZWB3,Need To Know Now,2021-12-27,Album,Single,[6ohaQzKaXrobAL8paLSaxq,6iv4lysB1yHXoZJ2gfqTdh,3tPQOjkxO3mrYrrgkTeXgH]
5tw5OE5B41NhQZ1rhYlq5e,Jannat,2021-12-20,Album,Single,[6iv4lysB1yHXoZJ2gfqTdh]
6MlydpOK2jXQQ5YJSvRq3j,Paau Kahaa,2021-11-01,Album,Single,[6iv4lysB1yHXoZJ2gfqTdh]
06NBnxzFt5XuCod2htNUop,Ho Khatam Kabhi Na,2021-08-31,Album,Single,[7DLO6WAHuNkEY7GE8VSorJ,6iv4lysB1yHXoZJ2gfqTdh]
5CdWQTwKgglkjPME7dPltC,Khud Ko Hi Paake (Reprise),2021-07-15,Album,Single,[3tPQOjkxO3mrYrrgkTeXgH,6iv4lysB1yHXoZJ2gfqTdh]
1KQEkqGKhoTwlwFFIUk8BQ,Mahamrutyunjay Mantra 108 Times,2021-05-24,Album,Single,[6iv4lysB1yHXoZJ2gfqTdh]
1FTuBRM0HearRbwvcshV7o,Mawaali Dil,2021-05-10,Album,Single,[6iv4lysB1yHXoZJ2gfqTdh,3tPQOjkxO3mrYrrgkTeXgH]
2NFsiVrygZW7P6sogDvrXb,Maha Mrityunjay Mantra,2021-05-03,Album,Single,[6iv4lysB1yHXoZJ2gfqTdh]
6dNZejp4UVrkI1kiPPrc5J,Meherma,2021-04-08,Album,Single,[00sCATpEvwH48ays7PlQFU,6iv4lysB1yHXoZJ2gfqTdh,4u3Da1oOLaZawlwHqhDV9e]
69Di2gZiy1HIdXgJFHIvKH,Mawaali Dil,2020-12-22,Album,Single,[6iv4lysB1yHXoZJ2gfqTdh]
01wdWEiTkcSFKD8hfcdapQ,Albela,2020-08-05,Album,Single,[6iv4lysB1yHXoZJ2gfqTdh]
1FqNxer6aIW2mQfruwQUVF,Yun Kyun,2020-07-16,Album,Single,[6iv4lysB1yHXoZJ2gfqTdh]
1c52WdO205tZh7OjrWnLI1,Aage Ki Soch,2020-04-10,Album,Single,[6iv4lysB1yHXoZJ2gfqTdh,00sCATpEvwH48ays7PlQFU,5IRSf4S62R0kCxuSyycXJd]
4ZYQscKDvmTPD6Yc2WSUC4,Na Ja Tu,2020-01-11,Album,Single,[1OPqAyxsQc8mcRmoNBAnVk,6iv4lysB1yHXoZJ2gfqTdh,4f7KfxeHq9BiylGmyXepGt]
15Y08ofjuAwIKWB2awbfCX,Pink Gulaabi Sky (From "The Sky Is Pink"),2019-10-01,Album,Single,[1wRPtKGflJrBx9BmLsSwlU,6iv4lysB1yHXoZJ2gfqTdh,00sCATpEvwH48ays7PlQFU]
7kdNnJBAWPSK0ZKIjm4w8a,Trippy Lage (From "Password"),2019-09-21,Album,Single,[6RxugUKvc7v3AOJduXiGua,3tPQOjkxO3mrYrrgkTeXgH,6iv4lysB1yHXoZJ2gfqTdh]
6dLuqI1v1PcvbtM9jdbzxW,Tui Chara (From "Love Story") - Single,2019-09-11,Album,Single,[6iv4lysB1yHXoZJ2gfqTdh,6RxugUKvc7v3AOJduXiGua]
1t42Ozkb4ssA75YFN7K882,Aa Dekhen Zara - Single,2018-07-11,Album,Single,[6iv4lysB1yHXoZJ2gfqTdh,3tPQOjkxO3mrYrrgkTeXgH]
7o5cd0C9Hv6K2CfO4K62Jo,Ruby Ruby (From "Sanju"),2018-06-20,Album,Single,[6iv4lysB1yHXoZJ2gfqTdh,2TmWCKfrFiN6j5eBcIA13p,1mYsTxnqsietFxj1OgoGbG]
3SoADV58onsgRalrKRb8rE,Kyun,2017-08-01,Album,Single,[6iv4lysB1yHXoZJ2gfqTdh]
1JOwWrsZ0Z2prWJPruvIWE,Mata Saraswati,2015-10-22,Album,Single,[6iv4lysB1yHXoZJ2gfqTdh]
4Ljpw2h1Oos2zbfSs469Uz,A Friend in Need Is a Friend Indeed,2014-12-23,Album,Single,[6iv4lysB1yHXoZJ2gfqTdh]
7ouN1RiK4NRenRCnrGkA1Z,Vaaqif,2018-01-29,Album,Album,[7b6Ui7JVaBDEfZB9k6nHL0]
4U2xdJPJfGo2HofVpSynwO,Aalas Ka Pedh,2015-09-25,Album,Album,[7b6Ui7JVaBDEfZB9k6nHL0]
4h2iIuufUrUU5NJd0mO9rX,Aaftaab - Single,2017-11-14,Album,Single,[7b6Ui7JVaBDEfZB9k6nHL0]
4QR4L5zBpZFtMC7Onjvemw,Khudi - Single,2017-06-10,Album,Single,[7b6Ui7JVaBDEfZB9k6nHL0]
1FVcvXZFraZMM0S5DuxJxD,Magical Monsoon With Vishal Mishra,2022-06-13,Album,Album,[5wJ1H6ud777odtZl5gG507]
4eCgAQYbzeiqBvi1uNe3qO,Saand Ki Aankh,2019-10-15,Album,Album,[5wJ1H6ud777odtZl5gG507]
0gjT4tj8ccvbUC0iQM31pi,F.U. (Friendship Unlimited),2017-04-28,Album,Album,[5wJ1H6ud777odtZl5gG507,2V2Q2eaEUmWaLG1LHvJuBN]
3JW8GMNXEnacoJD6FifcgE,The Dream Job (Original Motion Picture Soundtrack),2017-03-27,Album,Album,[2cBebXLNOuxCCA5Y6e1IQI,5wJ1H6ud777odtZl5gG507,2igG7BW4IP8Q3imD7BlSmb]
5psgRkhvbqJKeIyW0Pvckb,Spruha,2017-03-03,Album,Album,[5wJ1H6ud777odtZl5gG507]
3P7jclukSimg2EEQnhGRAN,Bhikari,2015,Album,Album,[4w7HxWKaxingGuRIsOtdsp,5wJ1H6ud777odtZl5gG507]
7w3LRjzbuv5e3gOfh3iXQd,Sun Aye Mili (From "Mili"),2022-10-22,Album,Single,[1mYsTxnqsietFxj1OgoGbG,5wJ1H6ud777odtZl5gG507]
3VUe1eblSK15aARX3saAo2,Sun Bhi Le (Lofi) - Single,2022-10-21,Album,Single,[4YRxDV8wJFPHPTeXepOstw,5wJ1H6ud777odtZl5gG507]
3vzdDUv7uCCss1swFktPtc,Sun Bhi Le - Lofi,2022-10-20,Album,Single,[4YRxDV8wJFPHPTeXepOstw,5wJ1H6ud777odtZl5gG507,2DFCHTDIA0t638a4mm37dK]
0dwotAl4sNVotuuWe75xRF,Gulabi - Lofi,2022-10-06,Album,Single,[0oOet2f43PA68X5RxKobEy,5wJ1H6ud777odtZl5gG507,2DFCHTDIA0t638a4mm37dK]
0NRuWV16FP4TkgIW4YzKAm,Andekhe Rang (From "Nazar Andaaz"),2022-10-04,Album,Single,[5wJ1H6ud777odtZl5gG507,2DFCHTDIA0t638a4mm37dK]
7ncmNoXIG7YwwASldMMtNW,Lootere Aa Gaye (From "Nazar Andaaz"),2022-09-27,Album,Single,[5wJ1H6ud777odtZl5gG507,6WOdPJmexxFINcKMkP2jMG,2DFCHTDIA0t638a4mm37dK]
2Uy2JxwpkLsWxKu8nGue95,Bharosa,2022-09-14,Album,Single,[5wJ1H6ud777odtZl5gG507,0PSwUlsuLrXzPlWIMW8wFZ,2ZbZdSpizGtV1e5lmfWbBg]
0BbYJnzaxZyYwm57giaJfv,Runjhun (feat. Hina Khan,Shaheer Sheikh),2022-08-25,Album,Single,[5wJ1H6ud777odtZl5gG507,0RVfcqug2nB820dxIGycIW,5r2baeTwcCJnuIsDIlxUJo]
16uT3kglj6b7BqItTWJkkh,Gori Nache Na Aiha Pandittane Me,2022-08-09,Album,Single,[5wJ1H6ud777odtZl5gG507,5F79vPhp3RNBjKqKizvxgq]
3Hfm9m7781QcHnYnHvNoh3,Khuda Haafiz - Chapter 2 Agni Pariksha (Original Motion Picture Soundtrack),2022-06-29,Album,Single,[09UmIX92EUH9hAK4bxvHx6,5wJ1H6ud777odtZl5gG507,6KZ6c43Dnjm6STHZ6avQU1]
2O48KBLWiZRB9Ouj63AfHC,Darbadar (From "Ittu Si Baat") - Single,2022-06-14,Album,Single,[1tqysapcCh1lWEAc9dIFpa,5wJ1H6ud777odtZl5gG507]
7imEgrEcW7thsSRRhRB7Ds,Ittu Si Baat (Original Motion Picture Soundtrack),2022-06-14,Album,Single,[5wJ1H6ud777odtZl5gG507]
5oQsGpxY1UB8IWWARDwpvO,Darbadar (From "Ittu Si Baat"),2022-06-13,Album,Single,[1tqysapcCh1lWEAc9dIFpa,5wJ1H6ud777odtZl5gG507,2DFCHTDIA0t638a4mm37dK]
796tRToNYqrmKbciUmkRs5,Ittu Si Baat,2022-06-13,Album,Single,[5wJ1H6ud777odtZl5gG507]
6V71oq7IVLuhZ4BBhR9Kbc,17 Lakh Da Gajra (From "Ittu Si Baat") - Single,2022-06-10,Album,Single,[0NZtn1Kyq08alpHCTRf3dv,1sVmXkzX2ukc6QvasrDBES,5wJ1H6ud777odtZl5gG507]
4Vrj6d3TIwQTSbSQs0DVIy,Sun Bhi Le (From "Ittu Si Baat") - Single,2022-06-07,Album,Single,[4YRxDV8wJFPHPTeXepOstw,5wJ1H6ud777odtZl5gG507]
3KdGkT6ZiG1tDuRf7uWj70,Sun Bhi Le (From "Ittu Si Baat"),2022-06-06,Album,Single,[4YRxDV8wJFPHPTeXepOstw,5wJ1H6ud777odtZl5gG507,2DFCHTDIA0t638a4mm37dK]
1d94q8jdCk90jgg6y2aF1B,Gulabi (From "Ittu Si Baat") - Single,2022-05-27,Album,Single,[5wJ1H6ud777odtZl5gG507,0oOet2f43PA68X5RxKobEy]
5upk8tRs7OJhMnZ6nrn9OC,Gulabi (From "Ittu Si Baat"),2022-05-26,Album,Single,[5wJ1H6ud777odtZl5gG507,0oOet2f43PA68X5RxKobEy]
7riBTwUrAEHqFUpmNHb3ge,Never Kiss Your Best Friend (Music From The Original Web Series),2022-05-09,Album,Single,[5wJ1H6ud777odtZl5gG507,4RlnRVxKm3jnUzOP4czbIK]
58mvawIzjJ0ShcAzs2ED10,Phir Se (From "Never Kiss Your Best Friend Season 2"),2022-04-26,Album,Single,[5wJ1H6ud777odtZl5gG507]
7iSIGo1gaG8XXYc1GJ94Te,Yeh Kyun Kiya (From "Operation Romeo") - Single,2022-04-19,Album,Single,[5wJ1H6ud777odtZl5gG507,5YewttB9YNwpp5u3SGrRER]
6Rs41b5mMRzlF9af6ESxP2,Yeh Kyun Kiya - Operation Romeo,2022-04-18,Album,Single,[5wJ1H6ud777odtZl5gG507,5YewttB9YNwpp5u3SGrRER,4cAERazLlAzVGA10ORWaUP]
2c7ht8Nh2TEeyy2W1CyOGT,Tere Bin Jeena Kya (From "Operation Romeo") - Single,2022-04-12,Album,Single,[5wJ1H6ud777odtZl5gG507,7HZYlujZn3Mx7X4MarscwN,5YewttB9YNwpp5u3SGrRER]
1OSL2QFl9A5IDdr31WMqOe,Kya Kar Diya,2022-03-24,Album,Single,[5wJ1H6ud777odtZl5gG507]
0WefeSwuTTXFrDgsXT52xA,DILDAAR,2022-03-21,Album,Single,[1zERD0GCjQIzwmwAa0wCIJ,5wJ1H6ud777odtZl5gG507]
7pU1L0synNArSj8AO4fi50,Jawani Tohar Dagab Chimta Se,2022-03-01,Album,Single,[5wJ1H6ud777odtZl5gG507,7x9cEcM6wrrW6uef42hCzF]
5HSoFJF2fd0FXHMr1ZriJ0,Pyaar Ho Jayega (Blind Love Mix),2022-02-11,Album,Single,[5wJ1H6ud777odtZl5gG507,1por5kXIv8KZA4WsyNUGEj]
5YwgALIG5X20WkjnLpr1L8,Raja Aila Biyarwa Mar Ke,2022-02-11,Album,Single,[5wJ1H6ud777odtZl5gG507]
2NC9xIGcfxhuRyAsjM5TVi,TU ITNA JARURI KAISE HUA,2022-01-04,Album,Single,[5wJ1H6ud777odtZl5gG507]
7o05hfkIj6A8QBWFFAnyEI,Ranjish Hi Sahi,2021-12-31,Album,Single,[5wJ1H6ud777odtZl5gG507]
2iEzjiG88cFTktTVcTLyze,CHALE BHI JAO,2021-12-08,Album,Single,[5wJ1H6ud777odtZl5gG507,2ZbZdSpizGtV1e5lmfWbBg]
1RVA2yOhm1llbZRb5OSczi,Tumse Pyaar Hai (SUBDUE MIX),2021-11-18,Album,Single,[5wJ1H6ud777odtZl5gG507,2kObkFKhEbrHb7cnSfrRw1]
1i4dE3ZSEKUVNA85Lr5nbA,Naacho Naacho (From "Rrr"),2021-11-10,Album,Single,[5wJ1H6ud777odtZl5gG507,1H4ZvA2yyK7wCmbvEUWvPn,12l1SqSNsg2mI2IcXpPWjR]
3ayFpIlj6qAsSlGG1Agjqu,CHHATHI MAIYA BULAYE,2021-11-06,Album,Single,[5wJ1H6ud777odtZl5gG507,2ZbZdSpizGtV1e5lmfWbBg]
7m8kXjUlFDsV01vSgQnwCf,Heartthrob Vishal,2021-10-22,Album,Single,[5wJ1H6ud777odtZl5gG507]
06J7zmSRLCwQqN00GXTSQC,Aaj Bhi (WORMONO LoFi Remake),2021-09-27,Album,Single,[5wJ1H6ud777odtZl5gG507,5osbiefpwljgv3pRQNmbFO]
5L0lprDwk5ux27ZfR7vovE,Pyaar Ho Jayega,2021-09-15,Album,Single,[5wJ1H6ud777odtZl5gG507]
0ditsS1OwGPLlYMkWa7hrh,Heart Break Songs by Vishal Mishra,2021-08-31,Album,Single,[5wJ1H6ud777odtZl5gG507]
5TkH6ULLDH8LBd7Iub4oAs,Heartbeat Songs by Vishal Mishra,2021-08-31,Album,Single,[5wJ1H6ud777odtZl5gG507]
6rLrrGcm5pAtRwF8urzAnc,Love Songs by Vishal Mishra,2021-08-31,Album,Single,[5wJ1H6ud777odtZl5gG507]
43AgbpeFQoLuJLmnWjgcJl,Vande Mataram,2021-08-10,Album,Single,[3fRSA5zbD43VMmgwW84rOo,5wJ1H6ud777odtZl5gG507]
6NvR6ApT4TWODROHzF8ULh,Tumse Pyaar Hai,2021-08-05,Album,Single,[5wJ1H6ud777odtZl5gG507]
2zOeXFKKNw8e7Cwvh7jjfK,Bhola Hamar Khala Gola,2021-07-22,Album,Single,[5wJ1H6ud777odtZl5gG507]
18JL1eo0OeaX8k8NZ55xPx,Zyada Vadia,2021-07-01,Album,Single,[0PSwUlsuLrXzPlWIMW8wFZ,5wJ1H6ud777odtZl5gG507]
1a9yfMwwtq0SXmV6kGCrgx,Tu Bhi Sataya Jayega,2021-04-27,Album,Single,[5wJ1H6ud777odtZl5gG507]
3PFGSSPq9OZKWDqTh2YB0Z,Aaj Bhi (Instrumental Version),2021-03-11,Album,Single,[2Qo0AKf3TgvAk5dhhsjmjV,5wJ1H6ud777odtZl5gG507]
3CZyGdbN0QayoK0TwQuVUx,Time To Dance Title Track (From "Time To Dance"),2021-03-11,Album,Single,[5wJ1H6ud777odtZl5gG507,3ZxZ03fj3tXBZHZWzvaLSM]
6En4cLy7TuFs08uBDgh5Fk,Aaye Haaye (From "Time To Dance"),2021-02-27,Album,Single,[7hVmdlsJp0E2WQIvVl8ngN,4iW4xSfMEIvrXM0Iu3aFDY,5wJ1H6ud777odtZl5gG507]
5DWCjpV1eci162NVRpdwnZ,Munasib (From "Bamfaad"),2021-02-25,Album,Single,[5wJ1H6ud777odtZl5gG507,1ridYH2wSODrdMAwCRLRHY]
5ESsXIb0g4ICE7UhawnFmq,Jannayak,2021-01-22,Album,Single,[5wJ1H6ud777odtZl5gG507,2ZbZdSpizGtV1e5lmfWbBg]
4IDEp7wBhsIv6VA88E9Rtp,Woh Chaand Kahan Se Laogi,2020-11-26,Album,Single,[5wJ1H6ud777odtZl5gG507]
47CffB83KDtyyy0fL06KjK,Humko Tum Mil Gaye,2020-09-15,Album,Single,[3nFgnEel499wKuPnnSlPs3,5wJ1H6ud777odtZl5gG507]
5copEF6Xj3xBRmubFMgHzB,Jaan Ban Gaye (From "Khuda Haafiz"),2020-07-29,Album,Single,[09UmIX92EUH9hAK4bxvHx6,5wJ1H6ud777odtZl5gG507,1sVmXkzX2ukc6QvasrDBES]
1l2tJyTMWNLyTT5pllJUwC,Haq Hai Humara,2020-07-09,Album,Single,[5wJ1H6ud777odtZl5gG507]
3HJyn2IqFeTrjbJcKD9zTx,Kithe,2020-07-01,Album,Single,[5wJ1H6ud777odtZl5gG507]
4QLmZlNuFgaEk16wi4CzEd,Ishq Ka Itar (From "Bamfaad"),2020-04-29,Album,Single,[5wJ1H6ud777odtZl5gG507]
3as4qwv7QY6UvDBEzbZfeF,Aaj Bhi,2020-04-09,Album,Single,[5wJ1H6ud777odtZl5gG507]
1OAkhV9iwXTTifaovNoEFc,Muskurayega India - Single,2020-04-06,Album,Single,[5wJ1H6ud777odtZl5gG507]
1N9rGbn2M9lzU6YcJ6081E,Manjha,2020-03-17,Album,Single,[5wJ1H6ud777odtZl5gG507]
1IsWEdz5RlTlG4uBGUUYMI,Dil Ko Tujhpe Pyaar (From "Never Kiss Your Best Friend"),2020-02-07,Album,Single,[5wJ1H6ud777odtZl5gG507]
1wzxlCGiJEQfLaUc1xr9QA,Jee Na Paunga (From "Never Kiss your Best Friend"),2020-01-18,Album,Single,[5wJ1H6ud777odtZl5gG507]
0JlFH1K4Wbu8zvU7s7YMHb,Kaise Hua Remix,2020-01-08,Album,Single,[5wJ1H6ud777odtZl5gG507,4srIcT9v0Zr93Vx3JDQe7U]
6tGLwHTjbzSFrvctrXahXy,Muskurayega India,2020,Album,Single,[5wJ1H6ud777odtZl5gG507]
7hbOgoMIr7GLsmqh3RQfPt,Teri Hogaiyaan (From "Broken But Beautiful Season 2"),2019-11-20,Album,Single,[5wJ1H6ud777odtZl5gG507]
68KxTPyWnyn4UaGhnwKeej,Womaniya (From "Saand Ki Aankh"),2019-10-03,Album,Single,[6CXEwIaXYfVJ84biCxqc9k,5wJ1H6ud777odtZl5gG507]
4nzDVAAHMOF1X1doutRmuj,Udta Teetar (From "Saand Ki Aankh"),2019-09-28,Album,Single,[5wJ1H6ud777odtZl5gG507,3eDT9fwXKuHWFvgZaaYC5v,7ezZ4ix4QBrKkvxanGClFB]
0e5QqE3bfmgKoxTrlZ7qdP,Takda Rava - Single,2019-08-29,Album,Single,[5wJ1H6ud777odtZl5gG507]
44eYVdLqM8EHWGnNzOR9Kt,Pranaam,2019-07-31,Album,Single,[5wJ1H6ud777odtZl5gG507,61d8y45wk2tqiXKcebtev7]
2HLt7xsNOUeRNpZbFypZtY,Zindagi (From "Pranaam"),2019-07-29,Album,Single,[0E02VcvA5p1ndkLdqWD5JB,5wJ1H6ud777odtZl5gG507]
64q14txMzrwv4aYtDeujmg,Sirf Tu (From "Pranaam"),2019-07-24,Album,Single,[4IKVDbCSBTxBeAsMKjAuTs,5wJ1H6ud777odtZl5gG507]
1ncyKqyZae6DoyjYaV9LmS,Kaise Hua (From "Kabir Singh"),2019-06-13,Album,Single,[5wJ1H6ud777odtZl5gG507]
3T4nGBjzLyXUv0iXbcKBqY,Sajna Ve,2019-05-20,Album,Single,[5wJ1H6ud777odtZl5gG507,418X5slNWlJwym4x3Oq3Cs]
1nTgC3XPBNPB85A4hfPSJc,Main Taare ("From Notebook"),2019-03-18,Album,Single,[68ePdYvtRgq9CiPzv6fapI,5wJ1H6ud777odtZl5gG507]
6qzu3UKj5N4byp2xJ5A7T2,Notebook,2019-03-08,Album,Single,[5wJ1H6ud777odtZl5gG507]
477y2NsSoUbHzlEpr7TGM8,Laila (From "Notebook"),2019-03-07,Album,Single,[1OPqAyxsQc8mcRmoNBAnVk,5wJ1H6ud777odtZl5gG507]
2qwyw5UXajkrR5kNFPDozc,Nai Lagda (From "Notebook"),2019-02-28,Album,Single,[5wJ1H6ud777odtZl5gG507,1sVmXkzX2ukc6QvasrDBES]
2JtvSfIRPrCaTOlG6i511i,Takda Rava,2019,Album,Single,[5wJ1H6ud777odtZl5gG507]
0Yg8vzhzGcq5Vp4wHLecl3,5 Weddings,2018-10-23,Album,Single,[5wJ1H6ud777odtZl5gG507,5XNdEnoXYNrEm253PGukm3,4idw6PTdumnK6VUrUFaTw2]
4l1yOAvstFhNgqu2nxgNGA,Na Chah Ke Bhi (From "5 Weddings"),2018-09-15,Album,Single,[5wJ1H6ud777odtZl5gG507,26ks59eSno7UlPCdljHQoI]
6iJyvaWzlWRC3hav5oYPf8,F.U. - Friendship Unlimited - Affoo Khudaya,2017-05-22,Album,Single,[5wJ1H6ud777odtZl5gG507]
1cCDDIeqrBbpfwsvinf0GI,Dhuaan Dhuaan Hai Zindagi (From "The Dream Job"),2017-03-20,Album,Single,[5wJ1H6ud777odtZl5gG507]
0MA83jjtwJyFv9nwDEUL5B,Yaariyan Ye Teri Yaariyan (From "The Dream Job"),2017-03-20,Album,Single,[5wJ1H6ud777odtZl5gG507,7GX07oqBaDZsHfeu8bQfNi]
7IVZSm40luQFiP7XWaL43K,Devi (Original Motion Picture Soundtrack),2016-09-27,Album,Single,[3qdu3XhzSzkRhbwdFKnSuw,5wJ1H6ud777odtZl5gG507]
0Ja77AsHl7FrBW6r4eG3Yg,Abhinethri,2016-01-01,Album,Single,[5wJ1H6ud777odtZl5gG507]
71t8ET4M40jagPMwWtGDAd,Gbagada Express,2022-04-22,Album,Album,[4qYpTEJThZ8FC8KzyFrSWW]
7tFUesVQ7An8e5pEu7sPYv,Pioneers,2020-05-01,Album,Album,[5jypR313fdSfpa6y1GMLqZ,4qYpTEJThZ8FC8KzyFrSWW,6qgNjbWXJ9mbqKwznBLj5B]
25ReKrxbR8qbwhzO3LiU9A,Magic,2017-10-13,Album,Album,[4qYpTEJThZ8FC8KzyFrSWW]
3VeY3xflQgeLpyTvYiYUUM,#BOTM (Deluxe),2016-04-13,Album,Album,[4qYpTEJThZ8FC8KzyFrSWW]
3Q1bXPEph9Y2A6AOVe4Fal,#Botm,2014-03-05,Album,Album,[4qYpTEJThZ8FC8KzyFrSWW]
1KFwl72LOpq2UzOUUVxYrZ,See Me - A COLORS SHOW,2022-06-13,Album,Single,[4qYpTEJThZ8FC8KzyFrSWW]
4RNLtG8d1fQp2yUTiVBS9a,In A Loop,2022-04-08,Album,Single,[4qYpTEJThZ8FC8KzyFrSWW,2hVWBpjLW4Q7fboYz2pVYK,30OlnKlh10yCfIuAWBmBkW]
20rCv5TASuxaLAgd8Icw1V,Culture,2022-03-11,Album,Single,[4qYpTEJThZ8FC8KzyFrSWW,3qEnCAnX23lvoxZYtBiPgL]
3ZSA6jbvKDGxYFuD5YBCYQ,Money & Laughter,2021-07-07,Album,Single,[4qYpTEJThZ8FC8KzyFrSWW,17AnjHQ3k75QgyzY97V15q]
5ejqcHAi2gDQPTdThabqfq,Emotions,2021-04-09,Album,Single,[4qYpTEJThZ8FC8KzyFrSWW]
13TovkOEUipJg28uC4fS3T,Abracadabra (Remix),2020-11-20,Album,Single,[4qYpTEJThZ8FC8KzyFrSWW,1PyToLP6F2rzV0ZSR71lgl,5YqXgMhzkUnyjYQGgoIvoq]
1wqdPPUJJPcOxQ4lZvBJWT,Abracadabra (Remix),2020-09-25,Album,Single,[4qYpTEJThZ8FC8KzyFrSWW,4YLUMAgNyttwx4hUHgtBtR]
5XasIPDB4ageL0kjrEukzE,Abracadabra,2020-08-07,Album,Single,[4qYpTEJThZ8FC8KzyFrSWW,0Y3agQaa6g2r0YmHPOO9rh,4TAoP0f9OuWZUesao43xUW]
44wTk1P8gneHGVKFI5gRxS,Assignment,2020-03-27,Album,Single,[4qYpTEJThZ8FC8KzyFrSWW]
1a6Ecjc8an6zkS1WtnEk0N,Next Gen,2020-01-30,Album,Single,[4qYpTEJThZ8FC8KzyFrSWW,5Req3092u4LKlAcv6kZALj]
7DrAPijhoId90XunG5KAMy,Make E No Cause Fight 2,2019-11-29,Album,Single,[36gl2NBJNRaQakdS4fTKGW,4qYpTEJThZ8FC8KzyFrSWW,2s187JqHC9kipPLBLWXubl]
59IN2r9UO3CUXGq0S5pVDb,No Waste Time,2019-10-22,Album,Single,[7ACLUXo71FsLZaKMOPDnEJ,4qYpTEJThZ8FC8KzyFrSWW]
0bliq9zvsEHViZ3TOBjFQV,Your Love (Mogbe),2019-09-26,Album,Single,[4qYpTEJThZ8FC8KzyFrSWW,54okxCS1Qi7TsWHymlwdYy]
2n1pQwWxBQ2ElbgNcQv6Jb,She Likes,2019-08-23,Album,Single,[47RjncLoPKJwJD9vsIkP0a,4qYpTEJThZ8FC8KzyFrSWW]
28ge1MvHcHgQ6lkNZD1gRm,Awolowo (Remix),2019-06-14,Album,Single,[4qYpTEJThZ8FC8KzyFrSWW,2s187JqHC9kipPLBLWXubl,5zqRdlPXeCIuxgaPimSKXj]
0EZo72Zkw1Na0UN3kx4z8L,Obe,2019-01-25,Album,Single,[4qYpTEJThZ8FC8KzyFrSWW,3ukrG1BmfEiuo0KDj8YTTS]
5UrqvYi01zflpnRVv88z1k,Like To Party,2018-10-26,Album,Single,[4qYpTEJThZ8FC8KzyFrSWW,2p1fiYHYiXz9qi0JJyxBzN,6qgNjbWXJ9mbqKwznBLj5B]
4dGb1HVLlrDSsm7CUuVVuY,Bill Up,2018-08-10,Album,Single,[4qYpTEJThZ8FC8KzyFrSWW]
6MpKNL8E3hEPnsN1u2Y9Ik,Make E No Cause Fight,2018-05-18,Album,Single,[36gl2NBJNRaQakdS4fTKGW,4qYpTEJThZ8FC8KzyFrSWW]
4nlpi9eerYyDE3BmG4PZWl,Yawa,2018-03-23,Album,Single,[36gl2NBJNRaQakdS4fTKGW,4qYpTEJThZ8FC8KzyFrSWW]
17WJjDTyOFLYUntQjqhcek,Beautiful,2017-06-02,Album,Single,[4qYpTEJThZ8FC8KzyFrSWW,0rNTIEZKm4LYPn16AcpTaS]
2fHTJ5RG0bsYkafrPJY28g,Wait a Minute (feat. Olamide),2017-01-24,Album,Single,[4qYpTEJThZ8FC8KzyFrSWW]
4qpbc6i8wbIq69RV3JHvNy,African Lady (feat. Willy Paul),2016-10-31,Album,Single,[4qYpTEJThZ8FC8KzyFrSWW]
4pSxk7FIy8xgqfXTJtorEl,For Sure (feat. Simi),2016-10-07,Album,Single,[4qYpTEJThZ8FC8KzyFrSWW]
6Xisfdzv29sp5IPlhYne86,Ire,2016-08-04,Album,Single,[4qYpTEJThZ8FC8KzyFrSWW]
75rQfiiBW8aFiKPhDIoNi1,What You Want,2015-12-01,Album,Single,[5wJBdwIAg6nZoCaWbFhc1r,4qYpTEJThZ8FC8KzyFrSWW,36gl2NBJNRaQakdS4fTKGW]
1OoP69sQx8P7Co07sqp6JF,Phantom,2015-11-10,Album,Single,[4qYpTEJThZ8FC8KzyFrSWW,6mMtnxEQkYoY5FfJIQ9Rhb]
5iyVbpRP31LcaE1o6YNHkI,Paper,2014-11-24,Album,Single,[4qYpTEJThZ8FC8KzyFrSWW]
6zqqcZMW7zrrIFj1yvtaGs,Trips,2014-07-30,Album,Single,[4qYpTEJThZ8FC8KzyFrSWW]
6TySozrm92d4rUIsf6BQQt,High Beach Morning,2022-10-24,Album,Album,[1AavJbrmyu2LqJRUmR05RY]
3nMKVB376oJBT6Ermltpom,Hollow Waves,2022-10-24,Album,Album,[0R6f2mS964rK2xxm5Tt53q,0SEdRRgN9tLMWyO4El4e1h,1AavJbrmyu2LqJRUmR05RY]
5NPHfR3E7BDfkF2dZazJhO,Lone Gull Over Waves,2022-10-23,Album,Album,[0R6f2mS964rK2xxm5Tt53q,0SEdRRgN9tLMWyO4El4e1h,1AavJbrmyu2LqJRUmR05RY]
0QGbpW8M36zygG7im7DBI5,Ship The House,2022-10-23,Album,Album,[1AavJbrmyu2LqJRUmR05RY]
64garf0Ne4SNgVvPh1POoQ,Dark Currents Morning,2022-10-22,Album,Album,[1AavJbrmyu2LqJRUmR05RY]
0d1aAqZoli28V6kNzVKjCv,Slow Tidal Wash,2022-10-22,Album,Album,[0R6f2mS964rK2xxm5Tt53q,0SEdRRgN9tLMWyO4El4e1h,1AavJbrmyu2LqJRUmR05RY]
6WZQKNR8l2TnURmkzAHkUY,Docks Moon Subdued,2022-10-21,Album,Album,[1AavJbrmyu2LqJRUmR05RY]
6deeVrcTuNfqIZK2EyrmQC,Subdued Tides,2022-10-21,Album,Album,[0R6f2mS964rK2xxm5Tt53q,0SEdRRgN9tLMWyO4El4e1h,1AavJbrmyu2LqJRUmR05RY]
04gtSo3VMICavJr7rCtHH5,Busy Tide,2022-10-20,Album,Album,[0R6f2mS964rK2xxm5Tt53q,0SEdRRgN9tLMWyO4El4e1h,1AavJbrmyu2LqJRUmR05RY]
4ccAt5qEG987ABkvlmCdak,Coast Sandy Spring,2022-10-20,Album,Album,[1AavJbrmyu2LqJRUmR05RY]
4eDrtGRGbqglPfnMw89Lvy,Cold Arctic Ocean,2022-10-19,Album,Album,[0SWls9IYU56MEbIbwpQqYk,1AavJbrmyu2LqJRUmR05RY,4oxTG3EEqLucqjX6z60qND]
2cI4DQNhc4SKUbYQYxs0RP,on Coast Tides,2022-10-19,Album,Album,[1AavJbrmyu2LqJRUmR05RY]
3eIPln8UJkazSq7dRUMTOD,Sleeping Ocean Waves,2022-10-18,Album,Album,[0SWls9IYU56MEbIbwpQqYk,1AavJbrmyu2LqJRUmR05RY,4oxTG3EEqLucqjX6z60qND]
1K1Fg2d1erAUUHXGZLwCuC,Splashing Waves Calm,2022-10-18,Album,Album,[1AavJbrmyu2LqJRUmR05RY]
4jYDEDjxe6hJe25hXweYAa,Aqua Wave,2022-10-17,Album,Album,[0SWls9IYU56MEbIbwpQqYk,1AavJbrmyu2LqJRUmR05RY,4oxTG3EEqLucqjX6z60qND]
0d9O0VhTF1r7T2ieZ4gBWR,Coasts Subdued Busy,2022-10-17,Album,Album,[1AavJbrmyu2LqJRUmR05RY]
5rgoTKx7xWkyj8yRPwIG7s,Rough Distant Waves,2022-10-16,Album,Album,[0SWls9IYU56MEbIbwpQqYk,1AavJbrmyu2LqJRUmR05RY,4oxTG3EEqLucqjX6z60qND]
0OJrapnXaMQuKbWL2h4jRj,Spring By Old,2022-10-16,Album,Album,[1AavJbrmyu2LqJRUmR05RY]

